{"cameraMode":{"drawMode":0,"name":"Shaded","section":"Shading Mode"},"sceneLighting":false,"audioPlay":false,"sceneViewState":{"m_AlwaysRefresh":false,"showFog":true,"showSkybox":false,"showFlares":true,"showImageEffects":true,"showParticleSystems":true,"showVisualEffectGraphs":true,"m_FxEnabled":true},"in2DMode":false,"pivot":{"x":0.027286231517791749,"y":0.9621946811676025,"z":0.5308301448822022},"rotation":{"x":0.32273805141448977,"y":0.5799170136451721,"z":-0.26799923181533816,"w":0.6983654499053955},"size":1.191723108291626,"orthographic":false}