{"cameraMode":{"drawMode":0,"name":"Shaded","section":"Shading Mode"},"sceneLighting":false,"audioPlay":false,"sceneViewState":{"m_AlwaysRefresh":false,"showFog":true,"showSkybox":false,"showFlares":true,"showImageEffects":true,"showParticleSystems":true,"showVisualEffectGraphs":true,"m_FxEnabled":true},"in2DMode":false,"pivot":{"x":0.23334074020385743,"y":1.1761888265609742,"z":0.5903419256210327},"rotation":{"x":0.32424798607826235,"y":0.5828759670257568,"z":-0.27255651354789736,"w":0.6934212446212769},"size":1.0443029403686524,"orthographic":false}