{"cameraMode":{"drawMode":0,"name":"Shaded","section":"Shading Mode"},"sceneLighting":false,"audioPlay":false,"sceneViewState":{"m_AlwaysRefresh":false,"showFog":true,"showSkybox":false,"showFlares":true,"showImageEffects":true,"showParticleSystems":true,"showVisualEffectGraphs":true,"m_FxEnabled":true},"in2DMode":false,"pivot":{"x":0.004742830991744995,"y":0.6470000147819519,"z":0.9429999589920044},"rotation":{"x":0.1028168648481369,"y":0.8872596621513367,"z":-0.23983442783355714,"w":0.3803676664829254},"size":0.17320509254932404,"orthographic":false}