{"cameraMode":{"drawMode":0,"name":"Shaded","section":"Shading Mode"},"sceneLighting":true,"audioPlay":false,"sceneViewState":{"m_AlwaysRefresh":false,"showFog":true,"showSkybox":true,"showFlares":true,"showImageEffects":true,"showParticleSystems":true,"showVisualEffectGraphs":true,"m_FxEnabled":true},"in2DMode":false,"pivot":{"x":-0.7042101621627808,"y":-0.19220781326293946,"z":1.5337848663330079},"rotation":{"x":0.24788397550582887,"y":-0.005812675692141056,"z":0.0014873286709189416,"w":0.9687714576721191},"size":3.929410457611084,"orthographic":false}